filename,clip_score
Bicycle_2015_00005.png,31.3038170337677
Bicycle_2015_00012.png,20.837314426898956
Bicycle_2015_00028.png,30.181971192359924
Bicycle_2015_00034.png,23.96407723426819
Bicycle_2015_00080.png,29.292109608650208
Bicycle_2015_00088.png,29.941284656524658
Bicycle_2015_00100.png,30.67244291305542
Bicycle_2015_00106.png,27.929973602294922
Bicycle_2015_00110.png,27.878618240356445
Bicycle_2015_00131.png,31.303954124450684
Bicycle_2015_00136.png,31.67164921760559
Bicycle_2015_00141.png,28.8915753364563
Bicycle_2015_00150.png,35.52732467651367
Bicycle_2015_00154.png,31.08406662940979
Bicycle_2015_00158.png,33.65966081619263
Bicycle_2015_00180.png,31.327399611473083
Bicycle_2015_00213.png,31.95541501045227
Bicycle_2015_00224.png,30.927401781082153
Bicycle_2015_00227.png,31.32173717021942
Bicycle_2015_00238.png,35.70129871368408
Bicycle_2015_00246.png,27.726495265960693
Bicycle_2015_00260.png,32.95297622680664
Bicycle_2015_00267.png,32.09252953529358
Bicycle_2015_00284.png,34.44969058036804
Bicycle_2015_00287.png,26.48756206035614
Bicycle_2015_00293.png,33.43687653541565
Bicycle_2015_00294.png,27.59273052215576
Bicycle_2015_00328.png,32.41465091705322
Bicycle_2015_00330.png,31.21621310710907
Bicycle_2015_00337.png,27.055436372756958
Bicycle_2015_00342.png,29.78188991546631
Bicycle_2015_00343.png,31.028982996940613
Bicycle_2015_00347.png,25.894612073898315
Bicycle_2015_00350.png,31.55977725982666
Bicycle_2015_00369.png,32.53636360168457
Bicycle_2015_00375.png,32.20387399196625
Bicycle_2015_00376.png,28.584498167037964
Bicycle_2015_00380.png,29.83676791191101
Bicycle_2015_00382.png,26.80266797542572
Bicycle_2015_00387.png,25.313371419906616
Bicycle_2015_00462.png,27.593058347702026
Bicycle_2015_00463.png,30.934548377990723
Bicycle_2015_00467.png,27.747642993927002
Bicycle_2015_00490.png,31.881579756736755
Bicycle_2015_00502.png,28.95200252532959
Bicycle_2015_00515.png,28.746193647384644
Bicycle_2015_00517.png,32.19511806964874
Bicycle_2015_00530.png,34.15149748325348
Bicycle_2015_00532.png,34.33496654033661
Bicycle_2015_00537.png,32.795411348342896
Bicycle_2015_00541.png,26.537126302719116
Bicycle_2015_00553.png,31.661394238471985
Bicycle_2015_00595.png,33.00265371799469
Bicycle_2015_00619.png,32.78922438621521
Bicycle_2015_00626.png,34.65338349342346
Bicycle_2015_00627.png,35.005930066108704
Bicycle_2015_00634.png,30.763322114944458
Bicycle_2015_00642.png,31.458359956741333
Bicycle_2015_00644.png,32.90233016014099
Bicycle_2015_00649.png,31.677421927452087
Boat_2015_00655.png,32.497429847717285
Boat_2015_00664.png,33.164650201797485
Boat_2015_00677.png,28.309917449951172
Boat_2015_00702.png,29.77582812309265
Boat_2015_00728.png,27.754241228103638
Boat_2015_00732.png,31.062787771224976
Boat_2015_00735.png,30.864790081977844
Boat_2015_00739.png,31.491342186927795
Boat_2015_00748.png,29.849714040756226
Boat_2015_00755.png,32.54092037677765
Boat_2015_00761.png,30.115097761154175
Boat_2015_00768.png,31.282076239585876
Boat_2015_00771.png,32.19612240791321
Boat_2015_00772.png,26.5852689743042
Boat_2015_00779.png,30.2230566740036
Boat_2015_00782.png,28.541183471679688
Boat_2015_00794.png,30.625474452972412
Boat_2015_00811.png,31.845712661743164
Boat_2015_00831.png,30.73817491531372
Boat_2015_00909.png,32.09875822067261
Boat_2015_00930.png,29.73666787147522
Boat_2015_00942.png,32.17576742172241
Boat_2015_00961.png,31.982576847076416
Boat_2015_00964.png,32.4141800403595
Boat_2015_00969.png,28.774303197860718
Boat_2015_00971.png,31.235507130622864
Boat_2015_00975.png,28.265011310577393
Boat_2015_00997.png,34.69831347465515
Boat_2015_01006.png,29.20355796813965
Boat_2015_01008.png,30.84845542907715
Boat_2015_01034.png,26.9523024559021
Boat_2015_01055.png,33.1245481967926
Boat_2015_01071.png,30.48730492591858
Boat_2015_01083.png,31.579965353012085
Boat_2015_01088.png,31.78705871105194
Boat_2015_01097.png,28.330793976783752
Boat_2015_01116.png,25.2347469329834
Boat_2015_01118.png,28.171300888061523
Boat_2015_01120.png,32.10986256599426
Boat_2015_01124.png,28.243759274482727
Boat_2015_01148.png,28.24518382549286
Boat_2015_01212.png,28.60504388809204
Boat_2015_01220.png,32.358214259147644
Boat_2015_01229.png,33.10052752494812
Boat_2015_01247.png,28.564107418060303
Boat_2015_01258.png,26.475542783737183
Boat_2015_01259.png,27.725258469581604
Boat_2015_01285.png,28.097370266914368
Boat_2015_01289.png,29.757115244865417
Boat_2015_01290.png,30.281895399093628
Boat_2015_01291.png,25.921034812927246
Boat_2015_01322.png,31.924021244049072
Boat_2015_01331.png,31.537121534347534
Bottle_2015_01333.png,31.506964564323425
Bottle_2015_01334.png,30.285191535949707
Bottle_2015_01359.png,29.23235595226288
Bottle_2015_01368.png,28.682604432106018
Bottle_2015_01402.png,29.713481664657593
Bottle_2015_01428.png,27.49421000480652
Bottle_2015_01435.png,28.641515970230103
Bottle_2015_01436.png,26.377633213996887
Bottle_2015_01439.png,30.451983213424683
Bottle_2015_01442.png,31.080728769302368
Bottle_2015_01456.png,31.01743459701538
Bottle_2015_01470.png,32.92638063430786
Bottle_2015_01483.png,32.37147331237793
Bottle_2015_01487.png,29.960113763809204
Bottle_2015_01497.png,22.810977697372437
Bottle_2015_01499.png,30.84520697593689
Bottle_2015_01512.png,28.64641845226288
Bottle_2015_01519.png,26.806065440177917
Bottle_2015_01520.png,27.49163508415222
Bottle_2015_01523.png,30.80224096775055
Bottle_2015_01524.png,30.893099308013916
Bottle_2015_01538.png,34.838128089904785
Bottle_2015_01551.png,28.987473249435425
Bottle_2015_01577.png,35.04360914230347
Bottle_2015_01583.png,31.202125549316406
Bottle_2015_01586.png,30.05644977092743
Bottle_2015_01589.png,31.31805658340454
Bottle_2015_01590.png,33.518025279045105
Bottle_2015_01592.png,33.52505564689636
Bottle_2015_01597.png,32.79872536659241
Bottle_2015_01624.png,26.573795080184937
Bottle_2015_01636.png,31.780296564102173
Bottle_2015_01658.png,29.14290726184845
Bottle_2015_01660.png,24.479632079601288
Bottle_2015_01673.png,27.097511291503906
Bottle_2015_01762.png,28.18649709224701
Bottle_2015_01793.png,34.02411639690399
Bottle_2015_01828.png,32.18368589878082
Bottle_2015_01839.png,30.040401220321655
Bottle_2015_01842.png,31.29868507385254
Bottle_2015_01850.png,34.72278416156769
Bottle_2015_01854.png,28.671035170555115
Bottle_2015_01869.png,27.391982078552246
Bottle_2015_01877.png,25.993943214416504
Bus_2015_01881.png,30.344095826148987
Bus_2015_01893.png,26.978468894958496
Bus_2015_01895.png,32.801470160484314
Bus_2015_01896.png,30.603954195976257
Bus_2015_01912.png,30.304720997810364
Bus_2015_01930.png,30.062520503997803
Bus_2015_01939.png,30.521821975708008
Bus_2015_01948.png,31.580018997192383
Bus_2015_01952.png,30.546283721923828
Bus_2015_01953.png,34.1672420501709
Bus_2015_01979.png,27.426910400390625
Bus_2015_01987.png,32.77028799057007
Bus_2015_01998.png,33.8608980178833
Bus_2015_02000.png,32.36876130104065
Bus_2015_02006.png,31.054452061653137
Bus_2015_02037.png,33.56050252914429
Bus_2015_02055.png,32.039427757263184
Bus_2015_02070.png,31.10443353652954
Bus_2015_02096.png,31.18032217025757
Bus_2015_02098.png,27.189379930496216
Bus_2015_02107.png,33.88214409351349
Bus_2015_02156.png,29.970741271972656
Bus_2015_02175.png,32.38634467124939
Bus_2015_02199.png,29.455003142356873
Bus_2015_02202.png,27.59765386581421
Bus_2015_02205.png,27.456319332122803
Bus_2015_02212.png,32.210010290145874
Bus_2015_02246.png,30.65369427204132
Bus_2015_02247.png,33.325034379959106
Bus_2015_02283.png,30.437147617340088
Bus_2015_02289.png,28.665703535079956
Bus_2015_02295.png,30.3569495677948
Bus_2015_02296.png,30.0022691488266
Bus_2015_02318.png,30.007514357566833
Bus_2015_02336.png,23.80952537059784
Bus_2015_02363.png,32.659292221069336
Bus_2015_02375.png,27.824246883392334
Bus_2015_02387.png,23.18839132785797
Bus_2015_02389.png,31.824511289596558
Bus_2015_02402.png,27.32292413711548
Car_2015_02416.png,25.64597725868225
Car_2015_02425.png,30.81476092338562
Car_2015_02429.png,29.239162802696228
Car_2015_02440.png,29.315322637557983
Car_2015_02442.png,29.075035452842712
Car_2015_02448.png,36.237236857414246
Car_2015_02452.png,28.6879301071167
Car_2015_02455.png,33.63247215747833
Car_2015_02460.png,33.51946771144867
Car_2015_02463.png,31.335091590881348
Car_2015_02468.png,30.84295094013214
Car_2015_02483.png,28.580963611602783
Car_2015_02491.png,35.137778520584106
Car_2015_02503.png,29.362845420837402
Car_2015_02522.png,29.68531847000122
Car_2015_02545.png,29.455101490020752
Car_2015_02546.png,33.23833644390106
Car_2015_02547.png,32.97902047634125
Car_2015_02556.png,29.989531636238098
Car_2015_02576.png,29.587972164154053
Car_2015_02594.png,27.603822946548462
Car_2015_02609.png,26.212692260742188
Car_2015_02610.png,31.055140495300293
Car_2015_02612.png,33.417344093322754
Car_2015_02613.png,31.467461585998535
Car_2015_02635.png,25.150197744369507
Car_2015_02641.png,30.841064453125
Car_2015_02705.png,30.547991394996643
Car_2015_02721.png,28.41317653656006
Car_2015_02728.png,28.297412395477295
Car_2015_02753.png,33.70488882064819
Car_2015_02767.png,34.72512066364288
Car_2015_02768.png,28.01661193370819
Car_2015_02786.png,25.758451223373413
Car_2015_02794.png,25.695127248764038
Car_2015_02800.png,27.7966171503067
Car_2015_02810.png,35.76974868774414
Car_2015_02812.png,28.942900896072388
Car_2015_02817.png,30.825087428092957
Car_2015_02821.png,29.28812801837921
Car_2015_02829.png,30.37657141685486
Car_2015_02834.png,29.993650317192078
Car_2015_02847.png,31.034255027770996
Car_2015_02855.png,32.08445608615875
Car_2015_02860.png,30.256253480911255
Car_2015_02881.png,28.80876064300537
Car_2015_02884.png,28.043770790100098
Car_2015_02891.png,29.999417066574097
Car_2015_02912.png,29.386496543884277
Car_2015_02918.png,30.394086241722107
Car_2015_02924.png,28.518670797348022
Car_2015_02936.png,27.27537751197815
Car_2015_02940.png,31.413930654525757
Car_2015_02957.png,26.058286428451538
Car_2015_02984.png,34.09060835838318
Car_2015_02985.png,29.952523112297058
Car_2015_02997.png,31.52104914188385
Car_2015_03005.png,29.29326295852661
Car_2015_03011.png,24.760766327381134
Car_2015_03013.png,33.91735553741455
Cat_2015_03046.png,28.512650728225708
Cat_2015_03074.png,28.218814730644226
Cat_2015_03081.png,31.441015005111694
Cat_2015_03082.png,27.995622158050537
Cat_2015_03091.png,29.977411031723022
Cat_2015_03099.png,32.89216756820679
Cat_2015_03106.png,34.205254912376404
Cat_2015_03132.png,34.20087695121765
Cat_2015_03133.png,29.788798093795776
Cat_2015_03136.png,36.96354031562805
Cat_2015_03141.png,26.380303502082825
Cat_2015_03143.png,30.5736243724823
Cat_2015_03147.png,31.2197744846344
Cat_2015_03157.png,32.686030864715576
Cat_2015_03172.png,29.194241762161255
Cat_2015_03179.png,29.528281092643738
Cat_2015_03213.png,32.312703132629395
Cat_2015_03219.png,30.882367491722107
Cat_2015_03222.png,25.371742248535156
Cat_2015_03225.png,28.28642725944519
Cat_2015_03226.png,29.34342622756958
Cat_2015_03234.png,31.34462833404541
Cat_2015_03235.png,34.37963128089905
Cat_2015_03244.png,25.85267424583435
Cat_2015_03253.png,25.754857063293457
Cat_2015_03255.png,29.781275987625122
Cat_2015_03273.png,30.0857275724411
Cat_2015_03274.png,31.770357489585876
Cat_2015_03282.png,29.84635829925537
Cat_2015_03287.png,25.013074278831482
Cat_2015_03305.png,33.593618869781494
Cat_2015_03316.png,20.41080892086029
Cat_2015_03318.png,28.935307264328003
Cat_2015_03320.png,25.95301866531372
Cat_2015_03323.png,31.53707981109619
Cat_2015_03333.png,34.1381311416626
Cat_2015_03336.png,34.19845402240753
Cat_2015_03363.png,26.05867087841034
Cat_2015_03368.png,28.665649890899658
Cat_2015_03382.png,26.5784353017807
Cat_2015_03393.png,33.98635387420654
Cat_2015_03402.png,30.833125114440918
Cat_2015_03409.png,33.471742272377014
Cat_2015_03411.png,26.33475661277771
Cat_2015_03426.png,29.709172248840332
Cat_2015_03432.png,26.1377215385437
Cat_2015_03475.png,29.278093576431274
Cat_2015_03480.png,35.99379062652588
Cat_2015_03495.png,28.31341326236725
Cat_2015_03496.png,29.59262728691101
Cat_2015_03500.png,27.696755528450012
Cat_2015_03520.png,28.28485667705536
Cat_2015_03528.png,28.481829166412354
Cat_2015_03530.png,28.073608875274658
Cat_2015_03540.png,30.131906270980835
Cat_2015_03550.png,27.952343225479126
Cat_2015_03560.png,33.178821206092834
Cat_2015_03573.png,34.47449803352356
Cat_2015_03595.png,32.72513151168823
Cat_2015_03602.png,33.15523862838745
Cat_2015_03607.png,29.615962505340576
Cat_2015_03610.png,28.547924757003784
Cat_2015_03614.png,21.875135600566864
Cat_2015_03615.png,27.88648009300232
Cat_2015_03637.png,27.3188054561615
Cat_2015_03641.png,25.40576159954071
Cat_2015_03662.png,26.998865604400635
Cat_2015_03665.png,32.86815285682678
Cat_2015_03668.png,29.934561252593994
Cat_2015_03675.png,34.44662690162659
Cat_2015_03688.png,21.631966531276703
Cat_2015_03689.png,31.780752539634705
Cat_2015_03708.png,33.82105231285095
Cat_2015_03709.png,27.037841081619263
Cat_2015_03715.png,26.69680416584015
Cat_2015_03740.png,21.417711675167084
Cat_2015_03759.png,33.20812284946442
Chair_2015_03781.png,29.974114894866943
Chair_2015_03802.png,26.52943730354309
Chair_2015_03809.png,34.868353605270386
Chair_2015_03841.png,29.453489184379578
Chair_2015_03859.png,31.933164596557617
Chair_2015_03861.png,27.83709168434143
Chair_2015_03866.png,31.900298595428467
Chair_2015_03875.png,28.468430042266846
Chair_2015_03887.png,28.26746702194214
Chair_2015_03890.png,28.892070055007935
Chair_2015_03898.png,30.088788270950317
Chair_2015_03900.png,30.927962064743042
Chair_2015_03905.png,26.19505226612091
Chair_2015_03917.png,27.71707773208618
Chair_2015_03924.png,34.33133363723755
Chair_2015_03938.png,28.078311681747437
Chair_2015_03945.png,31.001323461532593
Chair_2015_03949.png,27.267438173294067
Chair_2015_03956.png,33.881404995918274
Chair_2015_03962.png,28.263866901397705
Chair_2015_03964.png,30.666273832321167
Chair_2015_03982.png,32.53723084926605
Chair_2015_03985.png,29.183384776115417
Chair_2015_04019.png,29.855048656463623
Chair_2015_04026.png,30.19862174987793
Chair_2015_04035.png,27.001026272773743
Chair_2015_04036.png,28.331273794174194
Chair_2015_04044.png,30.53240180015564
Chair_2015_04046.png,36.61412000656128
Chair_2015_04047.png,29.630708694458008
Chair_2015_04055.png,27.222204208374023
Chair_2015_04058.png,27.686244249343872
Chair_2015_04063.png,26.75168514251709
Chair_2015_04102.png,25.51436424255371
Chair_2015_04108.png,26.707980036735535
Chair_2015_04119.png,29.11316454410553
Chair_2015_04150.png,30.17382323741913
Chair_2015_04200.png,29.18250262737274
Chair_2015_04211.png,33.70178937911987
Chair_2015_04218.png,26.92301571369171
Chair_2015_04249.png,31.21930956840515
Chair_2015_04251.png,28.108394145965576
Chair_2015_04253.png,28.528961539268494
Chair_2015_04290.png,31.142500042915344
Chair_2015_04294.png,23.54542315006256
Chair_2015_04321.png,30.842137336730957
Chair_2015_04336.png,26.35934352874756
Chair_2015_04345.png,30.294248461723328
Chair_2015_04347.png,31.759190559387207
Chair_2015_04348.png,33.26679766178131
Chair_2015_04357.png,31.72224760055542
Chair_2015_04362.png,29.0653258562088
Chair_2015_04372.png,22.921445965766907
Chair_2015_04381.png,30.81914186477661
Chair_2015_04388.png,23.255814611911774
Chair_2015_04395.png,27.01660394668579
Chair_2015_04407.png,28.578931093215942
Chair_2015_04408.png,28.988951444625854
Chair_2015_04410.png,22.95262962579727
Chair_2015_04421.png,32.34926760196686
Cup_2015_04434.png,29.998484253883362
Cup_2015_04436.png,29.803329706192017
Cup_2015_04454.png,29.806020855903625
Cup_2015_04456.png,30.291932821273804
Cup_2015_04458.png,29.9380362033844
Cup_2015_04464.png,32.212015986442566
Cup_2015_04468.png,31.91390037536621
Cup_2015_04489.png,27.720195055007935
Cup_2015_04515.png,20.678317546844482
Cup_2015_04521.png,28.593188524246216
Cup_2015_04525.png,28.932473063468933
Cup_2015_04529.png,34.10059213638306
Cup_2015_04536.png,29.140466451644897
Cup_2015_04539.png,30.21010458469391
Cup_2015_04570.png,30.447590351104736
Cup_2015_04574.png,32.301563024520874
Cup_2015_04587.png,25.76686143875122
Cup_2015_04591.png,33.17214846611023
Cup_2015_04617.png,25.717362761497498
Cup_2015_04625.png,31.222498416900635
Cup_2015_04631.png,28.490057587623596
Cup_2015_04645.png,29.81632351875305
Cup_2015_04656.png,33.5037499666214
Cup_2015_04660.png,30.139410495758057
Cup_2015_04667.png,21.28405272960663
Cup_2015_04739.png,28.665828704833984
Cup_2015_04763.png,33.59752893447876
Cup_2015_04770.png,30.6721031665802
Cup_2015_04775.png,30.072268843650818
Cup_2015_04792.png,25.31876564025879
Cup_2015_04793.png,35.66804230213165
Cup_2015_04797.png,34.5824271440506
Cup_2015_04803.png,34.131431579589844
Cup_2015_04818.png,31.919705867767334
Cup_2015_04830.png,30.256444215774536
Cup_2015_04860.png,30.736958980560303
Cup_2015_04868.png,32.10562467575073
Cup_2015_04878.png,30.076539516448975
Cup_2015_04884.png,28.16818058490753
Cup_2015_04891.png,33.90199542045593
Cup_2015_04893.png,22.022496163845062
Cup_2015_04901.png,34.876254200935364
Cup_2015_04932.png,27.13404893875122
Cup_2015_04933.png,24.526993930339813
Cup_2015_04934.png,27.011162042617798
Cup_2015_04937.png,30.12804388999939
Cup_2015_04940.png,30.76298236846924
Dog_2015_04944.png,29.290294647216797
Dog_2015_04952.png,32.61726796627045
Dog_2015_04964.png,34.45939123630524
Dog_2015_05004.png,34.829360246658325
Dog_2015_05006.png,30.899816751480103
Dog_2015_05012.png,31.841155886650085
Dog_2015_05015.png,28.982657194137573
Dog_2015_05021.png,33.456677198410034
Dog_2015_05025.png,32.70940184593201
Dog_2015_05028.png,31.778231263160706
Dog_2015_05066.png,30.30990958213806
Dog_2015_05077.png,27.190548181533813
Dog_2015_05098.png,25.950247049331665
Dog_2015_05102.png,31.235015392303467
Dog_2015_05120.png,28.67172360420227
Dog_2015_05125.png,34.769707918167114
Dog_2015_05126.png,26.142412424087524
Dog_2015_05127.png,29.765495657920837
Dog_2015_05139.png,31.270045042037964
Dog_2015_05141.png,28.673231601715088
Dog_2015_05145.png,30.084699392318726
Dog_2015_05156.png,29.84936535358429
Dog_2015_05162.png,32.94139504432678
Dog_2015_05171.png,27.72822380065918
Dog_2015_05176.png,28.82114052772522
Dog_2015_05187.png,31.32604956626892
Dog_2015_05188.png,31.855028867721558
Dog_2015_05192.png,31.15604519844055
Dog_2015_05196.png,33.09870362281799
Dog_2015_05205.png,31.966784596443176
Dog_2015_05214.png,32.965049147605896
Dog_2015_05237.png,34.14084315299988
Dog_2015_05242.png,33.210986852645874
Dog_2015_05243.png,30.6142657995224
Dog_2015_05248.png,24.829387664794922
Dog_2015_05251.png,30.90134561061859
Dog_2015_05261.png,32.63237476348877
Dog_2015_05266.png,33.08691382408142
Dog_2015_05293.png,24.410443007946014
Dog_2015_05300.png,28.94643545150757
Dog_2015_05311.png,30.57093322277069
Dog_2015_05339.png,33.0335795879364
Dog_2015_05345.png,31.90585970878601
Dog_2015_05364.png,23.747342824935913
Dog_2015_05375.png,25.546786189079285
Dog_2015_05390.png,26.804929971694946
Dog_2015_05391.png,30.662202835083008
Dog_2015_05396.png,29.217994213104248
Dog_2015_05404.png,23.51774275302887
Dog_2015_05415.png,33.66387486457825
Dog_2015_05416.png,31.475800275802612
Dog_2015_05421.png,29.367968440055847
Dog_2015_05431.png,26.164591312408447
Dog_2015_05432.png,28.417646884918213
Dog_2015_05443.png,34.886252880096436
Dog_2015_05449.png,30.955666303634644
Dog_2015_05453.png,34.12162661552429
Dog_2015_05469.png,24.207571148872375
Dog_2015_05475.png,23.860448598861694
Dog_2015_05482.png,34.91079807281494
Dog_2015_05484.png,25.12190043926239
Dog_2015_05487.png,24.033623933792114
Dog_2015_05489.png,28.638392686843872
Dog_2015_05532.png,25.340476632118225
Dog_2015_05552.png,25.621360540390015
Dog_2015_05613.png,33.98736119270325
Dog_2015_05633.png,32.024285197257996
Dog_2015_05658.png,31.09167218208313
Dog_2015_05665.png,27.29802131652832
Dog_2015_05666.png,32.98479914665222
Dog_2015_05680.png,28.82608473300934
Dog_2015_05694.png,25.33283829689026
Dog_2015_05696.png,29.610326886177063
Dog_2015_05701.png,26.962605118751526
Dog_2015_05710.png,29.069724678993225
Dog_2015_05715.png,29.386571049690247
Dog_2015_05716.png,25.381407141685486
Dog_2015_05717.png,28.144937753677368
Dog_2015_05721.png,32.58240520954132
Dog_2015_05732.png,34.30895507335663
Dog_2015_05737.png,35.33393442630768
Motorbike_2015_05746.png,30.236032605171204
Motorbike_2015_05753.png,31.825488805770874
Motorbike_2015_05762.png,28.421324491500854
Motorbike_2015_05767.png,25.187352299690247
Motorbike_2015_05768.png,31.71384036540985
Motorbike_2015_05772.png,32.6867014169693
Motorbike_2015_05791.png,26.916778087615967
Motorbike_2015_05796.png,29.637140035629272
Motorbike_2015_05799.png,26.58269703388214
Motorbike_2015_05817.png,26.589542627334595
Motorbike_2015_05824.png,24.869805574417114
Motorbike_2015_05825.png,30.027824640274048
Motorbike_2015_05830.png,29.781243205070496
Motorbike_2015_05834.png,33.19867551326752
Motorbike_2015_05858.png,25.170642137527466
Motorbike_2015_05863.png,25.51649808883667
Motorbike_2015_05875.png,30.390864610671997
Motorbike_2015_05889.png,30.36620318889618
Motorbike_2015_05894.png,28.682351112365723
Motorbike_2015_05946.png,33.098405599594116
Motorbike_2015_05947.png,35.877034068107605
Motorbike_2015_05980.png,29.62038516998291
Motorbike_2015_05991.png,33.4385484457016
Motorbike_2015_05993.png,29.135429859161377
Motorbike_2015_06000.png,30.51132559776306
Motorbike_2015_06005.png,30.26241958141327
Motorbike_2015_06009.png,28.954094648361206
Motorbike_2015_06023.png,28.45037579536438
Motorbike_2015_06026.png,29.793035984039307
Motorbike_2015_06030.png,32.93038606643677
Motorbike_2015_06032.png,28.032994270324707
Motorbike_2015_06035.png,28.664743900299072
Motorbike_2015_06036.png,31.991195678710938
Motorbike_2015_06071.png,29.7337144613266
Motorbike_2015_06075.png,30.258315801620483
Motorbike_2015_06085.png,28.3746600151062
Motorbike_2015_06087.png,27.241462469100952
Motorbike_2015_06092.png,28.798183798789978
Motorbike_2015_06104.png,25.126659870147705
Motorbike_2015_06127.png,23.808182775974274
Motorbike_2015_06129.png,33.58490467071533
Motorbike_2015_06130.png,26.52592360973358
Motorbike_2015_06158.png,29.238757491111755
Motorbike_2015_06160.png,31.693178415298462
Motorbike_2015_06179.png,29.05089259147644
Motorbike_2015_06184.png,36.35648787021637
Motorbike_2015_06199.png,32.55036473274231
Motorbike_2015_06207.png,25.997936725616455
Motorbike_2015_06222.png,25.49707293510437
Motorbike_2015_06228.png,31.929945945739746
Motorbike_2015_06237.png,25.439158082008362
People_2015_06247.png,31.95437788963318
People_2015_06252.png,33.579570055007935
People_2015_06253.png,28.967326879501343
People_2015_06260.png,31.273823976516724
People_2015_06276.png,29.262346029281616
People_2015_06296.png,29.737043380737305
People_2015_06319.png,27.70693302154541
People_2015_06327.png,33.54305326938629
People_2015_06329.png,30.216214060783386
People_2015_06337.png,24.79509711265564
People_2015_06369.png,31.92729949951172
People_2015_06376.png,31.28574788570404
People_2015_06383.png,28.4153014421463
People_2015_06384.png,29.99575138092041
People_2015_06385.png,24.353715777397156
People_2015_06407.png,23.773059248924255
People_2015_06421.png,26.77728533744812
People_2015_06439.png,32.88337290287018
People_2015_06450.png,28.58753800392151
People_2015_06451.png,28.007519245147705
People_2015_06452.png,29.03841733932495
People_2015_06453.png,27.930957078933716
People_2015_06468.png,25.842425227165222
People_2015_06473.png,27.80017852783203
People_2015_06476.png,28.70975434780121
People_2015_06484.png,32.83175230026245
People_2015_06488.png,33.98215174674988
People_2015_06512.png,29.10390794277191
People_2015_06519.png,25.09569525718689
People_2015_06526.png,31.576448678970337
People_2015_06537.png,30.058985948562622
People_2015_06544.png,23.85816127061844
People_2015_06548.png,29.926258325576782
People_2015_06578.png,32.06247091293335
People_2015_06581.png,32.27720856666565
People_2015_06584.png,27.6594340801239
People_2015_06608.png,29.555904865264893
People_2015_06612.png,31.311655044555664
People_2015_06626.png,33.052217960357666
People_2015_06680.png,32.14251399040222
People_2015_06683.png,27.02893614768982
People_2015_06694.png,31.13473653793335
People_2015_06697.png,31.864598393440247
People_2015_06714.png,28.40277850627899
People_2015_06715.png,30.09430766105652
People_2015_06729.png,34.48740243911743
People_2015_06750.png,27.169883251190186
People_2015_06759.png,30.719631910324097
People_2015_06771.png,26.094067096710205
People_2015_06772.png,30.744963884353638
People_2015_06781.png,31.93829357624054
People_2015_06786.png,30.01302182674408
People_2015_06790.png,34.20204222202301
People_2015_06805.png,29.837262630462646
People_2015_06825.png,28.42870056629181
People_2015_06832.png,26.767539978027344
People_2015_06842.png,23.912248015403748
People_2015_06849.png,28.195688128471375
People_2015_06851.png,27.017295360565186
Table_2015_06858.png,27.357807755470276
Table_2015_06860.png,32.28456974029541
Table_2015_06878.png,29.99437153339386
Table_2015_06888.png,30.400410294532776
Table_2015_06894.png,29.05840277671814
Table_2015_06923.png,33.29550325870514
Table_2015_06938.png,29.513365030288696
Table_2015_06942.png,30.10271191596985
Table_2015_06953.png,28.521209955215454
Table_2015_06966.png,31.654945015907288
Table_2015_06969.png,32.60631263256073
Table_2015_06979.png,26.554930210113525
Table_2015_06987.png,27.5468111038208
Table_2015_07023.png,29.72738742828369
Table_2015_07052.png,32.165104150772095
Table_2015_07062.png,32.10911750793457
Table_2015_07065.png,23.24010729789734
Table_2015_07070.png,23.864975571632385
Table_2015_07097.png,28.061935305595398
Table_2015_07113.png,29.25829589366913
Table_2015_07125.png,28.76255512237549
Table_2015_07131.png,30.224239826202393
Table_2015_07135.png,27.17665433883667
Table_2015_07199.png,31.555956602096558
Table_2015_07211.png,24.82830137014389
Table_2015_07233.png,28.115013241767883
Table_2015_07237.png,29.769161343574524
Table_2015_07243.png,29.174858331680298
Table_2015_07248.png,31.146720051765442
Table_2015_07251.png,31.954360008239746
Table_2015_07258.png,27.802667021751404
Table_2015_07261.png,33.31845700740814
Table_2015_07268.png,28.614357113838196
Table_2015_07270.png,27.96134352684021
Table_2015_07287.png,34.219616651535034
Table_2015_07301.png,29.279375076293945
Table_2015_07330.png,25.890684127807617
Table_2015_07343.png,26.705628633499146
Table_2015_07344.png,25.919097661972046
Table_2017_07358.png,32.28678107261658
