filename,edge_consistency
Bicycle_2015_00005,0.13639599124594295
Bicycle_2015_00012,0.17055956343565684
Bicycle_2015_00028,0.1797973161624851
Bicycle_2015_00034,0.22325428316909843
Bicycle_2015_00080,0.14601586313111758
Bicycle_2015_00088,0.2313885875906888
Bicycle_2015_00100,0.1560243774662849
Bicycle_2015_00106,0.16389295017417954
Bicycle_2015_00110,0.14165503651714811
Bicycle_2015_00131,0.19664339234684838
Bicycle_2015_00136,0.19414851955379658
Bicycle_2015_00141,0.16158182012321134
Bicycle_2015_00150,0.13942492105547794
Bicycle_2015_00154,0.09175913219617926
Bicycle_2015_00158,0.1992410622752905
Bicycle_2015_00180,0.13117709783894016
Bicycle_2015_00213,0.08910132339512519
Bicycle_2015_00224,0.20988625654208512
Bicycle_2015_00227,0.17136538245000987
Bicycle_2015_00238,0.14930699139823486
Bicycle_2015_00246,0.25859457757266097
Bicycle_2015_00260,0.26684826586473875
Bicycle_2015_00267,0.22754808160800571
Bicycle_2015_00284,0.09565368180065945
Bicycle_2015_00287,0.2129484930837282
Bicycle_2015_00293,0.27493668178050396
Bicycle_2015_00294,0.18218498392129864
Bicycle_2015_00328,0.13425938296988454
Bicycle_2015_00337,0.2021221228229277
Bicycle_2015_00343,0.18462845298513897
Bicycle_2015_00347,0.1789815680823862
Bicycle_2015_00350,0.18594231049816326
Bicycle_2015_00369,0.28910371104740246
Bicycle_2015_00375,0.20116503246616602
Bicycle_2015_00376,0.17328283591562668
Bicycle_2015_00380,0.19007242327430302
Bicycle_2015_00382,0.22582106393246412
Bicycle_2015_00387,0.25901416967929214
Bicycle_2015_00462,0.14454556000012386
Bicycle_2015_00463,0.25872357970652116
Bicycle_2015_00467,0.05733455677314688
Bicycle_2015_00490,0.11310701348200305
Bicycle_2015_00502,0.26543176889108
Bicycle_2015_00517,0.29817785589811413
Bicycle_2015_00530,0.265198854951126
Bicycle_2015_00532,0.07569329426719869
Bicycle_2015_00537,0.1962028241344443
Bicycle_2015_00541,0.2800477892200052
Bicycle_2015_00553,0.1664567272838037
Bicycle_2015_00595,0.1519547268582258
Bicycle_2015_00619,0.1683441846290782
Bicycle_2015_00626,0.2897429858020466
Bicycle_2015_00627,0.17354332436961264
Bicycle_2015_00634,0.013008986371016653
Bicycle_2015_00642,0.08274357033092741
Bicycle_2015_00644,0.11359126796004071
Bicycle_2015_00649,0.14715567667562046
Boat_2015_00655,0.12385612678435348
Boat_2015_00664,0.15844896245300627
Boat_2015_00677,0.051999652032574145
Boat_2015_00702,0.17107895601193993
Boat_2015_00728,0.20950756195764203
Boat_2015_00732,0.1483201026388952
Boat_2015_00735,0.27616659495776597
Boat_2015_00739,0.18378266651000275
Boat_2015_00748,0.12849448278754674
Boat_2015_00755,0.0423299685229843
Boat_2015_00761,0.07082688667280798
Boat_2015_00768,0.2131691381148171
Boat_2015_00772,0.01303807366063684
Boat_2015_00779,0.10426903670698442
Boat_2015_00782,0.2538816765638514
Boat_2015_00811,0.18321014595054058
Boat_2015_00909,0.18572412118821224
Boat_2015_00930,0.10791252668233377
Boat_2015_00942,0.18347047643161657
Boat_2015_00961,0.07594812977714305
Boat_2015_00964,0.12411132815589779
Boat_2015_00969,0.19753910520298798
Boat_2015_00971,0.2366315430069764
Boat_2015_00975,0.12257303568404872
Boat_2015_00997,0.153102495712231
Boat_2015_01006,0.09286251053695546
Boat_2015_01008,0.40261589971227446
Boat_2015_01034,0.3228974364164459
Boat_2015_01055,0.23885341626144005
Boat_2015_01071,0.10004473426115428
Boat_2015_01083,0.1440430410916691
Boat_2015_01088,0.23377077494635107
Boat_2015_01097,0.24598796111048496
Boat_2015_01116,0.20659510917461635
Boat_2015_01118,0.2850426170852465
Boat_2015_01120,0.10152749961045879
Boat_2015_01124,0.2549086389099286
Boat_2015_01148,0.1260850510341328
Boat_2015_01212,0.296798081412141
Boat_2015_01220,0.13975984910809877
Boat_2015_01229,0.327754490484448
Boat_2015_01247,0.10170468348387646
Boat_2015_01258,0.18984955929440006
Boat_2015_01259,0.09561243748421187
Boat_2015_01289,0.14114125835839947
Boat_2015_01290,0.16411439694108615
Boat_2015_01291,0.26035227940713845
Boat_2015_01322,0.17259626988173263
Boat_2015_01331,0.28573046775348426
Bottle_2015_01333,0.16513146711875148
Bottle_2015_01334,0.17979477523343534
Bottle_2015_01359,0.14646251080973663
Bottle_2015_01368,0.18275244926902445
Bottle_2015_01402,0.2407117849405056
Bottle_2015_01428,0.17905519508661727
Bottle_2015_01435,0.17470619822088607
Bottle_2015_01436,0.08422681123731167
Bottle_2015_01439,0.18301610637500243
Bottle_2015_01442,0.11664133996617439
Bottle_2015_01456,0.0
Bottle_2015_01470,0.21208795706978148
Bottle_2015_01483,0.19113264634329202
Bottle_2015_01487,0.24129372502995192
Bottle_2015_01497,0.12625740937681915
Bottle_2015_01499,0.2551186546494335
Bottle_2015_01512,0.23997091332655401
Bottle_2015_01519,0.18528929249800827
Bottle_2015_01520,0.276359774278207
Bottle_2015_01523,0.1783910769538998
Bottle_2015_01524,0.15599563235787964
Bottle_2015_01538,0.32015235886662213
Bottle_2015_01551,0.32918804354876213
Bottle_2015_01577,0.27106422008395104
Bottle_2015_01583,0.06713312799991616
Bottle_2015_01586,0.093921492508319
Bottle_2015_01589,0.3390539963832101
Bottle_2015_01592,0.08477477823536285
Bottle_2015_01597,0.26497853708883595
Bottle_2015_01624,0.14441060095895775
Bottle_2015_01636,0.0
Bottle_2015_01658,0.14374298134661445
Bottle_2015_01660,0.2399008202335673
Bottle_2015_01673,0.1466699731210992
Bottle_2015_01793,0.13601789802613942
Bottle_2015_01828,0.28488442793497076
Bottle_2015_01839,0.23941061806771394
Bottle_2015_01842,0.14714479647810202
Bottle_2015_01850,0.2335473780751638
Bottle_2015_01854,0.13870366097424378
Bottle_2015_01869,0.10473167560319342
Bottle_2015_01877,0.22427607378311318
Bus_2015_01881,0.22545683676036543
Bus_2015_01893,0.056297877666766354
Bus_2015_01895,0.20643591059875394
Bus_2015_01896,0.14648101302692448
Bus_2015_01912,0.1859077956050484
Bus_2015_01930,0.08873056789226337
Bus_2015_01939,0.2920910605422545
Bus_2015_01948,0.27476035190809556
Bus_2015_01952,0.1775332924430616
Bus_2015_01953,0.11562634706006843
Bus_2015_01979,0.2758214998779794
Bus_2015_01987,0.17679554195368463
Bus_2015_01998,0.13885045749407202
Bus_2015_02000,0.16953269680627642
Bus_2015_02006,0.1468620581845792
Bus_2015_02037,0.14633236477031053
Bus_2015_02055,0.15252594857264093
Bus_2015_02070,0.21823920726503107
Bus_2015_02096,0.22921940471412366
Bus_2015_02107,0.24091003635223696
Bus_2015_02156,0.19513974169276288
Bus_2015_02175,0.13968505311369234
Bus_2015_02199,0.15963288536208683
Bus_2015_02202,0.15441548464752708
Bus_2015_02205,0.19005684945281515
Bus_2015_02212,0.2533684803739555
Bus_2015_02246,0.3688863346186171
Bus_2015_02247,0.25606821143985914
Bus_2015_02283,0.21495331814444016
Bus_2015_02289,0.28515226837291513
Bus_2015_02295,0.14205509258847174
Bus_2015_02296,0.2917839708410077
Bus_2015_02318,0.21545472787747122
Bus_2015_02336,0.28961936418990386
Bus_2015_02363,0.1638052362813412
Bus_2015_02375,0.16888540600223007
Bus_2015_02387,0.03454794342998807
Bus_2015_02389,0.30534050414668346
Bus_2015_02402,0.13477608661302817
Car_2015_02416,0.13558499160876836
Car_2015_02429,0.1431944726475386
Car_2015_02440,0.2017098224286055
Car_2015_02442,0.13262232769977478
Car_2015_02448,0.18221964272165653
Car_2015_02452,0.181904798834952
Car_2015_02455,0.12038664058911218
Car_2015_02460,0.14078032072966598
Car_2015_02463,0.4212374130015269
Car_2015_02468,0.2708343261530787
Car_2015_02483,0.0
Car_2015_02491,0.12300650138276473
Car_2015_02503,0.1866533290184746
Car_2015_02522,0.1675218649103859
Car_2015_02545,0.1666325876925343
Car_2015_02546,0.33297847411181924
Car_2015_02547,0.12953556225616866
Car_2015_02556,0.0
Car_2015_02576,0.20669111913476368
Car_2015_02594,0.22083705114260402
Car_2015_02609,0.17236644268744633
Car_2015_02610,0.18854045033995429
Car_2015_02612,0.2630802186411457
Car_2015_02613,0.13294938036614862
Car_2015_02641,0.19285191285800296
Car_2015_02705,0.26246184631060093
Car_2015_02721,0.12227486140219532
Car_2015_02728,0.1769703317432862
Car_2015_02753,0.0543139827107041
Car_2015_02767,0.09462982026839592
Car_2015_02768,0.18192359052166693
Car_2015_02786,0.03621706240535817
Car_2015_02794,0.15354474968680693
Car_2015_02800,0.2813805861177239
Car_2015_02810,0.22773353869240773
Car_2015_02812,0.1264614206515631
Car_2015_02817,0.3377891864120738
Car_2015_02821,0.16628923329553844
Car_2015_02829,0.28829173485887805
Car_2015_02834,0.12960688017144917
Car_2015_02847,0.09712576615832814
Car_2015_02855,0.2686041632147395
Car_2015_02860,0.15043040531059015
Car_2015_02881,0.1237885579790489
Car_2015_02884,0.23115539688086573
Car_2015_02891,0.16594315879064253
Car_2015_02912,0.28237699551454754
Car_2015_02918,0.3162940819211509
Car_2015_02924,0.2152257035439043
Car_2015_02936,0.2106584386169385
Car_2015_02940,0.20765934942795725
Car_2015_02957,0.2666894010751756
Car_2015_02984,0.0
Car_2015_02985,0.279151111185183
Car_2015_02997,0.0
Car_2015_03005,0.06306548991887598
Car_2015_03013,0.0576940170868491
Cat_2015_03046,0.11288864723498367
Cat_2015_03074,0.1202338026708216
Cat_2015_03081,0.3548738329554457
Cat_2015_03082,0.23968685498696676
Cat_2015_03091,0.2829498604213675
Cat_2015_03099,0.1832947823365059
Cat_2015_03106,0.08821304066819324
Cat_2015_03132,0.09420117762215961
Cat_2015_03133,0.22068641926746196
Cat_2015_03136,0.2695768521637425
Cat_2015_03141,0.12304529557656194
Cat_2015_03143,0.25237937375682556
Cat_2015_03147,0.19944606959154518
Cat_2015_03157,0.286341199760202
Cat_2015_03172,0.053628819553318906
Cat_2015_03179,0.2799163151891161
Cat_2015_03213,0.04441159206758921
Cat_2015_03219,0.2700394923553017
Cat_2015_03222,0.14160350541747463
Cat_2015_03225,0.08763428512535242
Cat_2015_03226,0.18033703164225168
Cat_2015_03235,0.11571702141474276
Cat_2015_03244,0.31667943597127757
Cat_2015_03253,0.10479544865285086
Cat_2015_03255,0.09869481385096954
Cat_2015_03274,0.1668592012911325
Cat_2015_03282,0.17567908803436094
Cat_2015_03287,0.23175839859154634
Cat_2015_03305,0.08056028893883319
Cat_2015_03316,0.11588800570104496
Cat_2015_03318,0.06071271037454831
Cat_2015_03320,0.20362910301369228
Cat_2015_03323,0.06622564186596558
Cat_2015_03333,0.2557799647600571
Cat_2015_03336,0.222509511853851
Cat_2015_03363,0.1579010843589393
Cat_2015_03368,0.11495737224894285
Cat_2015_03382,0.1508331256619442
Cat_2015_03393,0.24877577791433156
Cat_2015_03402,0.15659666097839028
Cat_2015_03409,0.24508230964428795
Cat_2015_03426,0.1135479568598916
Cat_2015_03432,0.03767516997606621
Cat_2015_03475,0.2095495781250041
Cat_2015_03480,0.1264160339195159
Cat_2015_03495,0.3956463007824826
Cat_2015_03496,0.019227072072370986
Cat_2015_03500,0.30340339762884944
Cat_2015_03520,0.3028154488685545
Cat_2015_03528,0.43693881340138757
Cat_2015_03530,0.07138437563442383
Cat_2015_03540,0.17607456432161775
Cat_2015_03550,0.0
Cat_2015_03560,0.10587329634692821
Cat_2015_03595,0.1957250926717171
Cat_2015_03602,0.15036151834301303
Cat_2015_03607,0.10899762707899402
Cat_2015_03610,0.10511374545410958
Cat_2015_03615,0.09863034744686142
Cat_2015_03637,0.24365101223995642
Cat_2015_03641,0.061185238472320116
Cat_2015_03662,0.0776985832136396
Cat_2015_03665,0.0952363464860069
Cat_2015_03668,0.15083594042396017
Cat_2015_03675,0.16593523565334514
Cat_2015_03688,0.2765491715340423
Cat_2015_03689,0.2858112988539203
Cat_2015_03708,0.0
Cat_2015_03709,0.13422127526904548
Cat_2015_03715,0.18652006944726882
Cat_2015_03740,0.16480054791255366
Cat_2015_03759,0.0980708696955875
Chair_2015_03781,0.12821007618714242
Chair_2015_03802,0.3480627050117004
Chair_2015_03809,0.15602358090164933
Chair_2015_03841,0.19314512371042708
Chair_2015_03859,0.10200736189209993
Chair_2015_03861,0.23831503972764043
Chair_2015_03866,0.1367007863866501
Chair_2015_03875,0.28232459629194806
Chair_2015_03887,0.320084223633242
Chair_2015_03890,0.23105258793885755
Chair_2015_03898,0.20241572024491314
Chair_2015_03900,0.1719361787529166
Chair_2015_03905,0.15455470698129403
Chair_2015_03917,0.17409616470998485
Chair_2015_03924,0.26337097349241784
Chair_2015_03938,0.20164650597201966
Chair_2015_03945,0.32491336796666326
Chair_2015_03949,0.2614452893406823
Chair_2015_03956,0.2569892243642465
Chair_2015_03962,0.1750348745726407
Chair_2015_03964,0.16668143014658404
Chair_2015_03982,0.23027157187022235
Chair_2015_03985,0.33903939589608323
Chair_2015_04019,0.09184554423668062
Chair_2015_04026,0.2824295945451931
Chair_2015_04036,0.20712473818067248
Chair_2015_04044,0.2686863142626666
Chair_2015_04046,0.27915140613828776
Chair_2015_04047,0.28553168932591433
Chair_2015_04055,0.21700968604424115
Chair_2015_04058,0.0
Chair_2015_04063,0.20959482488048933
Chair_2015_04102,0.2327367258391162
Chair_2015_04108,0.16293145958671706
Chair_2015_04119,0.20054869919469132
Chair_2015_04150,0.2283977463711651
Chair_2015_04200,0.04059921975758597
Chair_2015_04211,0.28849195763248564
Chair_2015_04218,0.24316988209190551
Chair_2015_04249,0.3871852184848029
Chair_2015_04251,0.19903445784170026
Chair_2015_04253,0.24378804479389346
Chair_2015_04290,0.05531745862094846
Chair_2015_04294,0.15046540503303737
Chair_2015_04321,0.1382385158599096
Chair_2015_04336,0.133878105922898
Chair_2015_04345,0.20156092803499323
Chair_2015_04347,0.3115613684610206
Chair_2015_04348,0.2324691685568812
Chair_2015_04357,0.22262592578082474
Chair_2015_04362,0.29408691935633824
Chair_2015_04372,0.2990684259029938
Chair_2015_04381,0.06980112496362995
Chair_2015_04388,0.10017057176267896
Chair_2015_04395,0.30358414697556
Chair_2015_04407,0.30285300846229646
Chair_2015_04408,0.10303871026760578
Chair_2015_04410,0.21751521167760565
Chair_2015_04421,0.0
Cup_2015_04434,0.20563718372556353
Cup_2015_04436,0.3043069187253459
Cup_2015_04454,0.1770632351292946
Cup_2015_04456,0.19639163864967887
Cup_2015_04458,0.2536379016503704
Cup_2015_04464,0.19821034294475637
Cup_2015_04468,0.35637129342203505
Cup_2015_04489,0.19769784101744006
Cup_2015_04515,0.19479444834551643
Cup_2015_04521,0.12616786446507183
Cup_2015_04525,0.2183143287278603
Cup_2015_04529,0.5304521500502033
Cup_2015_04536,0.13037263733566473
Cup_2015_04539,0.12875803372754258
Cup_2015_04570,0.057472907719397746
Cup_2015_04574,0.1743316839875509
Cup_2015_04587,0.23838871562353434
Cup_2015_04591,0.37543959228662743
Cup_2015_04617,0.263440689560147
Cup_2015_04625,0.22040786751045555
Cup_2015_04631,0.13943875055438876
Cup_2015_04645,0.17371361570033583
Cup_2015_04656,0.18730133772201404
Cup_2015_04660,0.17123704592293568
Cup_2015_04667,0.09904640195538013
Cup_2015_04739,0.1423580604227531
Cup_2015_04763,0.2206798839084101
Cup_2015_04770,0.24009447597243175
Cup_2015_04775,0.3451676515615292
Cup_2015_04792,0.30354507763896965
Cup_2015_04793,0.4232520434614955
Cup_2015_04797,0.19005683315036573
Cup_2015_04803,0.2645713945957465
Cup_2015_04818,0.18676548431792322
Cup_2015_04830,0.20498341300122958
Cup_2015_04860,0.20304765972723296
Cup_2015_04868,0.1962913163762895
Cup_2015_04878,0.16851639769441348
Cup_2015_04884,0.5025169597600353
Cup_2015_04891,0.26828660008998423
Cup_2015_04893,0.22340912238472643
Cup_2015_04901,0.29704705743649723
Cup_2015_04932,0.1847744408434209
Cup_2015_04933,0.28789308872950364
Cup_2015_04934,0.2636390420107313
Cup_2015_04937,0.09876278508229563
Cup_2015_04940,0.12171145297606874
Dog_2015_04944,0.20535396169774991
Dog_2015_04952,0.26646747926436853
Dog_2015_04964,0.28673686567541157
Dog_2015_05004,0.15896430881867257
Dog_2015_05006,0.11305598878825657
Dog_2015_05012,0.2709958068193274
Dog_2015_05015,0.31423921248467956
Dog_2015_05021,0.12833947504065227
Dog_2015_05025,0.0
Dog_2015_05028,0.19573309089914856
Dog_2015_05066,0.32886677507819917
Dog_2015_05077,0.16362859787258943
Dog_2015_05098,0.19438685598474753
Dog_2015_05102,0.26849767259182666
Dog_2015_05120,0.25011620797760603
Dog_2015_05125,0.34464512539218506
Dog_2015_05126,0.37415110972047044
Dog_2015_05127,0.14270722104568523
Dog_2015_05139,0.17045828390133483
Dog_2015_05141,0.21253187491399878
Dog_2015_05145,0.16357153651871956
Dog_2015_05156,0.21822240563394663
Dog_2015_05162,0.12351777721770868
Dog_2015_05171,0.19000020185569924
Dog_2015_05176,0.07152271877195905
Dog_2015_05187,0.2120258629324309
Dog_2015_05188,0.11429761012710182
Dog_2015_05192,0.12269983892186806
Dog_2015_05196,0.2737019608309076
Dog_2015_05205,0.22375411769278433
Dog_2015_05214,0.4244444795971082
Dog_2015_05237,0.3102486875751688
Dog_2015_05242,0.02869485623586262
Dog_2015_05243,0.15646756794578975
Dog_2015_05248,0.0
Dog_2015_05251,0.15436702560784524
Dog_2015_05261,0.18403965258111793
Dog_2015_05266,0.2613719625440094
Dog_2015_05293,0.22868382808608567
Dog_2015_05300,0.16847613737518718
Dog_2015_05311,0.214540463668839
Dog_2015_05339,0.3919740395960001
Dog_2015_05345,0.35892196358606543
Dog_2015_05364,0.2329227391526214
Dog_2015_05375,0.0795820850486887
Dog_2015_05390,0.15436805687828853
Dog_2015_05391,0.22355752177922847
Dog_2015_05396,0.12152491486656605
Dog_2015_05404,0.129348384679582
Dog_2015_05415,0.3758528278901739
Dog_2015_05416,0.32308750936372505
Dog_2015_05421,0.17308246453019854
Dog_2015_05431,0.32353041209586
Dog_2015_05432,0.14632235510772343
Dog_2015_05443,0.20466440371799124
Dog_2015_05449,0.23798433545711392
Dog_2015_05453,0.2678579126328589
Dog_2015_05469,0.1602771763392473
Dog_2015_05475,0.15184914295127339
Dog_2015_05482,0.1508448211969601
Dog_2015_05484,0.0
Dog_2015_05489,0.05115232127725467
Dog_2015_05532,0.10174990197997207
Dog_2015_05552,0.2472907698097807
Dog_2015_05613,0.09927417396330428
Dog_2015_05633,0.09769405298394974
Dog_2015_05658,0.13319305606687037
Dog_2015_05665,0.09129915117883808
Dog_2015_05666,0.09001867724400092
Dog_2015_05680,0.09248884351525588
Dog_2015_05694,0.1259342993961482
Dog_2015_05696,0.3202705367214561
Dog_2015_05701,0.11507386284455337
Dog_2015_05710,0.1805511109133529
Dog_2015_05715,0.15094345659602332
Dog_2015_05716,0.17110825920862538
Dog_2015_05717,0.2046238859030731
Dog_2015_05732,0.13878182115272372
Dog_2015_05737,0.1005180578535117
Motorbike_2015_05746,0.30500248454365864
Motorbike_2015_05753,0.15722656218538075
Motorbike_2015_05762,0.1792225514287373
Motorbike_2015_05767,0.16953066983300308
Motorbike_2015_05768,0.12452153644983978
Motorbike_2015_05772,0.0
Motorbike_2015_05791,0.17955537594027726
Motorbike_2015_05796,0.18614585965112404
Motorbike_2015_05799,0.03063321013148929
Motorbike_2015_05817,0.13846441368923906
Motorbike_2015_05824,0.30648949486482263
Motorbike_2015_05825,0.18832110173292738
Motorbike_2015_05830,0.11047357854466736
Motorbike_2015_05834,0.2169859984319136
Motorbike_2015_05858,0.15198639932512364
Motorbike_2015_05863,0.24692658589397595
Motorbike_2015_05875,0.10028598792434269
Motorbike_2015_05889,0.22811903177685733
Motorbike_2015_05894,0.18452838780170272
Motorbike_2015_05946,0.15249383635901656
Motorbike_2015_05947,0.11982908849768598
Motorbike_2015_05980,0.1165990636684436
Motorbike_2015_05991,0.10821976621902647
Motorbike_2015_05993,0.15632490978640812
Motorbike_2015_06000,0.24694302700197873
Motorbike_2015_06005,0.201968834026737
Motorbike_2015_06009,0.2571371503008923
Motorbike_2015_06023,0.21722001789007148
Motorbike_2015_06026,0.233503148375185
Motorbike_2015_06030,0.22866569041167395
Motorbike_2015_06032,0.24359057652076813
Motorbike_2015_06035,0.04569308031293954
Motorbike_2015_06036,0.1344715344364739
Motorbike_2015_06071,0.08214205300358306
Motorbike_2015_06075,0.26656398843421597
Motorbike_2015_06085,0.22832082507967122
Motorbike_2015_06087,0.31186259658013893
Motorbike_2015_06092,0.1948691132421633
Motorbike_2015_06104,0.23912248147486134
Motorbike_2015_06127,0.15722002428809415
Motorbike_2015_06129,0.2203034824445423
Motorbike_2015_06130,0.18661203314492694
Motorbike_2015_06158,0.15194864545443623
Motorbike_2015_06160,0.1734581416284484
Motorbike_2015_06179,0.16208648122850783
Motorbike_2015_06184,0.11308607328417448
Motorbike_2015_06199,0.1364930867781536
Motorbike_2015_06207,0.27462433977775424
Motorbike_2015_06222,0.1002949535110482
Motorbike_2015_06228,0.14280372193571506
Motorbike_2015_06237,0.12820904955913903
People_2015_06252,0.1633725764591953
People_2015_06253,0.3367916349060125
People_2015_06260,0.26292849844610405
People_2015_06276,0.1596399159697308
People_2015_06296,0.24072602695537873
People_2015_06319,0.15215568673680652
People_2015_06327,0.265540337708033
People_2015_06329,0.1850555170802362
People_2015_06337,0.27991559937085053
People_2015_06376,0.30407442993086253
People_2015_06383,0.12407421366217579
People_2015_06384,0.06853441479450444
People_2015_06385,0.09624523616996142
People_2015_06407,0.0
People_2015_06421,0.21330197628572006
People_2015_06439,0.0
People_2015_06450,0.2639850160086396
People_2015_06451,0.18426888919221268
People_2015_06452,0.23128828916722877
People_2015_06453,0.08834786321737828
People_2015_06468,0.1595998555864858
People_2015_06473,0.1660170904973442
People_2015_06476,0.14451702320304743
People_2015_06484,0.10925940144844784
People_2015_06488,0.23772972540611506
People_2015_06512,0.08333902865883677
People_2015_06519,0.2507700337981046
People_2015_06526,0.016007429171103142
People_2015_06537,0.17331819457839523
People_2015_06544,0.3359586811395853
People_2015_06548,0.19582329556552516
People_2015_06578,0.2832921993749925
People_2015_06581,0.18053709007385696
People_2015_06584,0.24617191665532157
People_2015_06608,0.19431817326821837
People_2015_06612,0.2393060011688608
People_2015_06626,0.2559588851775681
People_2015_06680,0.2670326026620549
People_2015_06683,0.06456860838289237
People_2015_06694,0.08797405079321594
People_2015_06697,0.13532869636873554
People_2015_06714,0.15289738131291
People_2015_06715,0.1352206431624839
People_2015_06729,0.1123264678487293
People_2015_06759,0.23604218211333527
People_2015_06771,0.21197499269426692
People_2015_06772,0.17204138935739227
People_2015_06781,0.21198199042368412
People_2015_06786,0.21911869673608902
People_2015_06790,0.19033342416259222
People_2015_06805,0.20725277423043223
People_2015_06825,0.22479284029964988
People_2015_06832,0.0
People_2015_06842,0.10052158191064192
People_2015_06849,0.30227190942685067
People_2015_06851,0.14434425172449858
Table_2015_06858,0.232926258354994
Table_2015_06860,0.25443282217951624
Table_2015_06878,0.2867739703807189
Table_2015_06888,0.190399477034448
Table_2015_06894,0.23117048223679082
Table_2015_06923,0.18729146086431575
Table_2015_06938,0.1794979242328785
Table_2015_06942,0.15911183283753502
Table_2015_06953,0.09400072393643959
Table_2015_06966,0.11589379645080101
Table_2015_06969,0.2396679957014939
Table_2015_06979,0.44363409475715115
Table_2015_06987,0.19188140310187773
Table_2015_07023,0.1645987876155377
Table_2015_07052,0.22102687399752194
Table_2015_07062,0.2312423058434465
Table_2015_07065,0.2246475817518774
Table_2015_07070,0.19588329456159825
Table_2015_07097,0.30739664448734366
Table_2015_07113,0.22557054825793674
Table_2015_07125,0.25388199356769997
Table_2015_07131,0.15796887540964213
Table_2015_07135,0.19512483986197898
Table_2015_07199,0.2700771760680226
Table_2015_07211,0.27575270444851846
Table_2015_07233,0.19274561976602111
Table_2015_07237,0.26588410472412344
Table_2015_07243,0.13674244338142458
Table_2015_07248,0.10479327674518901
Table_2015_07251,0.0959310120669999
Table_2015_07258,0.27594873689726573
Table_2015_07261,0.18138076173136183
Table_2015_07268,0.2242565230872121
Table_2015_07270,0.16932964843118214
Table_2015_07287,0.25856870868722154
Table_2015_07301,0.10615579473580995
Table_2015_07330,0.24449544884234367
Table_2015_07343,0.18573075583184764
Table_2015_07344,0.10274475014709233
Table_2017_07358,0.2212517312722567
MEAN,0.18745282979419692
STD,0.08418529967434292
