filename,niqe
Bicycle_2015_00005.png,6.722539528588055
Bicycle_2015_00012.png,3.6171824107719153
Bicycle_2015_00028.png,2.4059966224790346
Bicycle_2015_00034.png,5.4989317011247945
Bicycle_2015_00080.png,3.0862964171725085
Bicycle_2015_00088.png,5.589785442956918
Bicycle_2015_00100.png,4.9212060301174185
Bicycle_2015_00106.png,4.472767340142021
Bicycle_2015_00110.png,4.855806002385533
Bicycle_2015_00131.png,2.971804546335998
Bicycle_2015_00136.png,7.153475893161139
Bicycle_2015_00141.png,4.506803621845064
Bicycle_2015_00150.png,2.8894390227683506
Bicycle_2015_00154.png,3.8432880236497806
Bicycle_2015_00158.png,3.380822741807723
Bicycle_2015_00180.png,5.33198224214101
Bicycle_2015_00213.png,3.3551211200073743
Bicycle_2015_00224.png,3.8736714334883304
Bicycle_2015_00227.png,4.528127379363972
Bicycle_2015_00238.png,4.212480813033453
Bicycle_2015_00246.png,3.3505968790022016
Bicycle_2015_00260.png,4.329892412725509
Bicycle_2015_00267.png,3.136722310397718
Bicycle_2015_00284.png,4.180329375580385
Bicycle_2015_00287.png,3.550895367918879
Bicycle_2015_00293.png,6.575973381851675
Bicycle_2015_00294.png,4.961484941700701
Bicycle_2015_00328.png,3.1445830810605577
Bicycle_2015_00330.png,3.023265614165853
Bicycle_2015_00337.png,3.121855375489428
Bicycle_2015_00342.png,2.830794082959461
Bicycle_2015_00343.png,3.87299136569658
Bicycle_2015_00347.png,2.253267282738786
Bicycle_2015_00350.png,4.411768121842401
Bicycle_2015_00369.png,4.037268052845081
Bicycle_2015_00375.png,6.517358012673099
Bicycle_2015_00376.png,2.698703756099449
Bicycle_2015_00380.png,3.20989300160296
Bicycle_2015_00382.png,3.6298789156502136
Bicycle_2015_00387.png,4.48273804174392
Bicycle_2015_00462.png,6.6447523955070285
Bicycle_2015_00463.png,5.0498692585366305
Bicycle_2015_00467.png,7.9591467512598095
Bicycle_2015_00490.png,4.058026585075633
Bicycle_2015_00502.png,3.4232075349114783
Bicycle_2015_00515.png,5.343474452246628
Bicycle_2015_00517.png,3.867437620278188
Bicycle_2015_00530.png,4.012938648526893
Bicycle_2015_00532.png,6.920628557334129
Bicycle_2015_00537.png,4.582807609774319
Bicycle_2015_00541.png,4.117816243376169
Bicycle_2015_00553.png,4.658621695570511
Bicycle_2015_00595.png,4.517896568240239
Bicycle_2015_00619.png,3.9963436523363174
Bicycle_2015_00626.png,3.235573677137994
Bicycle_2015_00627.png,3.7533861099852923
Bicycle_2015_00634.png,4.781499939245879
Bicycle_2015_00642.png,4.7648358168526785
Bicycle_2015_00644.png,3.2510690894412804
Bicycle_2015_00649.png,4.395506996261366
Boat_2015_00655.png,3.9866530350085663
Boat_2015_00664.png,4.127968864925911
Boat_2015_00677.png,2.759618916707184
Boat_2015_00702.png,5.984007470033916
Boat_2015_00728.png,3.5441626090155713
Boat_2015_00732.png,4.657552122984505
Boat_2015_00735.png,4.035692253002156
Boat_2015_00739.png,2.9317005104631124
Boat_2015_00748.png,4.011189946028006
Boat_2015_00755.png,4.031965663105719
Boat_2015_00761.png,5.773746610005339
Boat_2015_00768.png,3.3916544764699768
Boat_2015_00771.png,5.611866206213646
Boat_2015_00772.png,5.71155593179706
Boat_2015_00779.png,5.006739632571767
Boat_2015_00782.png,6.331313370451385
Boat_2015_00794.png,4.2604251693063455
Boat_2015_00811.png,5.766973568085592
Boat_2015_00831.png,4.337384011307155
Boat_2015_00909.png,3.6610663007535433
Boat_2015_00930.png,3.1791799128259863
Boat_2015_00942.png,4.122235174643612
Boat_2015_00961.png,4.676569735148726
Boat_2015_00964.png,3.8178016798034333
Boat_2015_00969.png,3.840040226441154
Boat_2015_00971.png,4.163313484980777
Boat_2015_00975.png,5.030882523719792
Boat_2015_00997.png,10.040005025060621
Boat_2015_01006.png,6.169367816693293
Boat_2015_01008.png,5.568709203989302
Boat_2015_01034.png,4.647849685171988
Boat_2015_01055.png,5.839125345064528
Boat_2015_01071.png,5.403186833075363
Boat_2015_01083.png,4.357680054034735
Boat_2015_01088.png,7.5804172001221195
Boat_2015_01097.png,2.8967720258567606
Boat_2015_01116.png,9.371990699429837
Boat_2015_01118.png,3.430624383719065
Boat_2015_01120.png,6.501346553330576
Boat_2015_01124.png,4.323422164028921
Boat_2015_01148.png,6.075415831067394
Boat_2015_01212.png,5.139437454174393
Boat_2015_01220.png,3.3564516206939636
Boat_2015_01229.png,4.137478681568775
Boat_2015_01247.png,8.596619271057413
Boat_2015_01258.png,4.370252640462369
Boat_2015_01259.png,5.510769489572729
Boat_2015_01285.png,4.738730375138869
Boat_2015_01289.png,5.101125178715429
Boat_2015_01290.png,4.967192478383695
Boat_2015_01291.png,4.848887661196709
Boat_2015_01322.png,3.4479397439835755
Boat_2015_01331.png,3.9350181319572815
Bottle_2015_01333.png,3.2639212923763243
Bottle_2015_01334.png,3.8575451586973823
Bottle_2015_01359.png,5.279286481243928
Bottle_2015_01368.png,2.9287445231686142
Bottle_2015_01402.png,4.261130219929688
Bottle_2015_01428.png,3.51881762100773
Bottle_2015_01435.png,4.170398833643658
Bottle_2015_01436.png,5.802217643845733
Bottle_2015_01439.png,7.538085317709391
Bottle_2015_01442.png,4.283524687201179
Bottle_2015_01470.png,7.0292339585623544
Bottle_2015_01483.png,6.774043939496816
Bottle_2015_01487.png,3.036734711232926
Bottle_2015_01497.png,8.617659497484611
Bottle_2015_01499.png,5.211848732550308
Bottle_2015_01512.png,5.230653499436804
Bottle_2015_01519.png,3.957251047063948
Bottle_2015_01520.png,5.431281119610722
Bottle_2015_01523.png,5.356825423534517
Bottle_2015_01524.png,4.192203132045221
Bottle_2015_01538.png,5.56728117459812
Bottle_2015_01551.png,3.131170500326897
Bottle_2015_01577.png,6.372732218031876
Bottle_2015_01583.png,7.882867123591221
Bottle_2015_01586.png,8.75553366512323
Bottle_2015_01589.png,4.545186949896902
Bottle_2015_01590.png,4.654171938893208
Bottle_2015_01592.png,7.029777834612398
Bottle_2015_01597.png,7.730685802155827
Bottle_2015_01624.png,9.387622543353574
Bottle_2015_01658.png,5.966639307263665
Bottle_2015_01660.png,4.11650050065689
Bottle_2015_01673.png,9.43291232171951
Bottle_2015_01762.png,6.409305031062176
Bottle_2015_01793.png,5.188335773011825
Bottle_2015_01828.png,8.622490150845254
Bottle_2015_01839.png,7.552551628184149
Bottle_2015_01842.png,6.516090724569262
Bottle_2015_01850.png,4.551670873099377
Bottle_2015_01854.png,5.424254059507331
Bottle_2015_01869.png,6.0049355356346705
Bottle_2015_01877.png,4.926335850245326
Bus_2015_01881.png,4.036549303025627
Bus_2015_01893.png,4.43608126118628
Bus_2015_01895.png,3.111877261039524
Bus_2015_01896.png,4.652099610241874
Bus_2015_01912.png,2.618854652224582
Bus_2015_01930.png,5.300608811347396
Bus_2015_01939.png,3.8141389521986873
Bus_2015_01948.png,5.0954311201858875
Bus_2015_01952.png,4.3689393718670635
Bus_2015_01953.png,4.858732743020082
Bus_2015_01979.png,4.612703299357845
Bus_2015_01987.png,2.4724227026256806
Bus_2015_01998.png,4.485101232659262
Bus_2015_02000.png,9.059253480498361
Bus_2015_02006.png,5.348828517038647
Bus_2015_02037.png,2.481725387772829
Bus_2015_02055.png,3.8223781578747174
Bus_2015_02070.png,5.786631501081482
Bus_2015_02096.png,3.614760682955061
Bus_2015_02098.png,2.830379428033773
Bus_2015_02107.png,6.271264531247979
Bus_2015_02156.png,3.722628770367323
Bus_2015_02175.png,4.681283006774688
Bus_2015_02199.png,3.599974779119051
Bus_2015_02202.png,2.647062253256229
Bus_2015_02205.png,3.094046726155488
Bus_2015_02212.png,2.1669196592268354
Bus_2015_02246.png,2.30857528445529
Bus_2015_02247.png,4.336218576757734
Bus_2015_02283.png,6.144694246362076
Bus_2015_02289.png,5.332411300976289
Bus_2015_02295.png,3.2380685140783236
Bus_2015_02296.png,3.4337811794251842
Bus_2015_02318.png,7.973230088969256
Bus_2015_02336.png,3.464969522681568
Bus_2015_02363.png,5.3428311374072495
Bus_2015_02375.png,3.5451697146105694
Bus_2015_02387.png,6.553676900296523
Bus_2015_02389.png,3.270836771992619
Bus_2015_02402.png,5.759994822469801
Car_2015_02416.png,2.9927909919605518
Car_2015_02425.png,15.89988138537337
Car_2015_02429.png,4.522384555229666
Car_2015_02440.png,5.8432423417084705
Car_2015_02442.png,4.346287487443909
Car_2015_02448.png,2.4333645589889583
Car_2015_02452.png,4.030191906636736
Car_2015_02455.png,4.3110323556978445
Car_2015_02460.png,5.599057461811773
Car_2015_02463.png,3.3079778805158946
Car_2015_02468.png,5.031050817656053
Car_2015_02491.png,4.294503174566127
Car_2015_02503.png,4.436463370962293
Car_2015_02522.png,7.157327627266181
Car_2015_02545.png,7.123752444123612
Car_2015_02546.png,2.583966489654127
Car_2015_02547.png,5.244097451994824
Car_2015_02576.png,3.3685530187109833
Car_2015_02594.png,3.4933505139676195
Car_2015_02609.png,4.975971686650715
Car_2015_02610.png,8.431667355371458
Car_2015_02612.png,3.485153856466785
Car_2015_02613.png,2.8009100588175437
Car_2015_02635.png,12.937340293024358
Car_2015_02641.png,8.828864101205621
Car_2015_02705.png,15.120407423348603
Car_2015_02721.png,6.717980809116999
Car_2015_02728.png,3.9861874424293022
Car_2015_02753.png,12.203749598705654
Car_2015_02767.png,6.89088542427863
Car_2015_02768.png,3.4407600116885355
Car_2015_02786.png,7.467233420208005
Car_2015_02794.png,4.558463330867732
Car_2015_02800.png,2.7111086342322506
Car_2015_02810.png,6.196325069960827
Car_2015_02812.png,5.623872221414905
Car_2015_02817.png,3.460496978044457
Car_2015_02821.png,8.92396007270993
Car_2015_02829.png,3.7454663027007316
Car_2015_02834.png,7.976620204136529
Car_2015_02847.png,7.039892264639788
Car_2015_02855.png,8.073561705253375
Car_2015_02860.png,11.682891823519736
Car_2015_02881.png,5.870541260217359
Car_2015_02884.png,5.568099389646337
Car_2015_02891.png,12.523435475809029
Car_2015_02912.png,5.922795615574098
Car_2015_02918.png,3.550224519329557
Car_2015_02924.png,5.472878965826189
Car_2015_02936.png,14.328401274874187
Car_2015_02940.png,4.314674525458108
Car_2015_02957.png,4.746332149619633
Car_2015_02985.png,5.43130455803972
Car_2015_02997.png,3.2136827921765097
Car_2015_03005.png,9.262512178871614
Car_2015_03011.png,7.20202765912475
Car_2015_03013.png,6.826124782914396
Cat_2015_03046.png,3.7686261416434603
Cat_2015_03074.png,5.453206390772737
Cat_2015_03081.png,3.438428048718694
Cat_2015_03082.png,4.0721732767965815
Cat_2015_03091.png,3.5465690835543175
Cat_2015_03099.png,3.7516818170673982
Cat_2015_03106.png,7.939876130748065
Cat_2015_03132.png,5.948528039176151
Cat_2015_03133.png,3.454029138262195
Cat_2015_03136.png,4.503398197518857
Cat_2015_03141.png,6.781317525847689
Cat_2015_03143.png,4.305605332981829
Cat_2015_03147.png,2.5128894188223407
Cat_2015_03157.png,4.255140343548485
Cat_2015_03172.png,5.705760127822215
Cat_2015_03179.png,4.027200688819202
Cat_2015_03213.png,10.379635629376253
Cat_2015_03219.png,6.496287637221267
Cat_2015_03222.png,5.656772509830148
Cat_2015_03225.png,10.556075601883954
Cat_2015_03226.png,4.962577202707592
Cat_2015_03234.png,4.467814188850636
Cat_2015_03235.png,3.174957632449182
Cat_2015_03244.png,2.9161636069894197
Cat_2015_03253.png,4.62581276751745
Cat_2015_03255.png,7.9204307904506415
Cat_2015_03273.png,4.119360132013573
Cat_2015_03274.png,3.729387097491829
Cat_2015_03282.png,4.058802629574004
Cat_2015_03287.png,4.7082054102387465
Cat_2015_03305.png,7.773591497361047
Cat_2015_03316.png,7.631148235111453
Cat_2015_03318.png,3.3574583093369803
Cat_2015_03320.png,4.8627617705618915
Cat_2015_03323.png,5.793860315961989
Cat_2015_03333.png,2.936391368426064
Cat_2015_03336.png,4.094142462754219
Cat_2015_03363.png,5.947513328538597
Cat_2015_03368.png,9.207125254417063
Cat_2015_03382.png,6.408985469322509
Cat_2015_03393.png,5.018076766769751
Cat_2015_03402.png,4.351883018569543
Cat_2015_03409.png,4.2076524709999905
Cat_2015_03411.png,7.821817396402754
Cat_2015_03426.png,9.688592165195102
Cat_2015_03432.png,5.672643687973121
Cat_2015_03475.png,10.923445408389785
Cat_2015_03480.png,4.118740167834296
Cat_2015_03495.png,7.113652198619034
Cat_2015_03496.png,4.862947948988249
Cat_2015_03500.png,11.59827034056537
Cat_2015_03520.png,3.775246581186024
Cat_2015_03528.png,7.041504413206638
Cat_2015_03530.png,6.012174162989651
Cat_2015_03540.png,4.593424016775886
Cat_2015_03560.png,5.26994966281481
Cat_2015_03573.png,4.878189771196845
Cat_2015_03595.png,4.323306747469328
Cat_2015_03602.png,5.277405892330695
Cat_2015_03607.png,4.07132687010217
Cat_2015_03610.png,4.024774349865029
Cat_2015_03614.png,6.336816925155543
Cat_2015_03615.png,4.483018105270272
Cat_2015_03637.png,3.979948906638787
Cat_2015_03641.png,6.49499863657313
Cat_2015_03662.png,3.227788224200043
Cat_2015_03665.png,9.134256267069405
Cat_2015_03668.png,3.9552104471856646
Cat_2015_03675.png,4.1143017617836035
Cat_2015_03688.png,4.95961361312861
Cat_2015_03689.png,5.643096728755367
Cat_2015_03708.png,7.111708270491011
Cat_2015_03709.png,7.537662292305459
Cat_2015_03715.png,7.240517850388485
Cat_2015_03740.png,5.271889331137416
Cat_2015_03759.png,6.962959648730166
Chair_2015_03781.png,4.287217125582512
Chair_2015_03802.png,5.921598135898949
Chair_2015_03809.png,5.387412500724682
Chair_2015_03841.png,3.9771677269670214
Chair_2015_03859.png,8.168694037896518
Chair_2015_03861.png,5.220273646188561
Chair_2015_03866.png,10.21791715372496
Chair_2015_03875.png,4.134327939823963
Chair_2015_03887.png,5.228897130044354
Chair_2015_03890.png,4.198946239296265
Chair_2015_03898.png,3.5877619350690018
Chair_2015_03900.png,4.219721831213161
Chair_2015_03905.png,4.990087295796174
Chair_2015_03917.png,3.753765320042023
Chair_2015_03924.png,3.6560546855288267
Chair_2015_03938.png,3.2649213246277684
Chair_2015_03945.png,5.941864129480414
Chair_2015_03949.png,5.098061140894942
Chair_2015_03956.png,4.268455223937348
Chair_2015_03962.png,4.2929757834814115
Chair_2015_03964.png,8.007469352550537
Chair_2015_03982.png,7.037276459216588
Chair_2015_03985.png,5.949058850027461
Chair_2015_04019.png,7.7597011491796355
Chair_2015_04026.png,5.790607585777755
Chair_2015_04035.png,10.204595056890499
Chair_2015_04036.png,3.1156065597396947
Chair_2015_04044.png,6.881014717438356
Chair_2015_04046.png,8.763002515702386
Chair_2015_04047.png,2.513575968763062
Chair_2015_04055.png,11.224955766900948
Chair_2015_04058.png,5.507793640212464
Chair_2015_04063.png,3.6759796629379395
Chair_2015_04102.png,3.7131482911265636
Chair_2015_04108.png,3.5009640417389263
Chair_2015_04119.png,2.8163911840852913
Chair_2015_04150.png,3.930757201733433
Chair_2015_04200.png,6.121262439646402
Chair_2015_04211.png,2.7632761056140978
Chair_2015_04218.png,8.692989259621452
Chair_2015_04249.png,3.8203917055275034
Chair_2015_04251.png,7.581629173495434
Chair_2015_04253.png,5.259707592818891
Chair_2015_04290.png,8.431626179963343
Chair_2015_04294.png,3.7862653903280306
Chair_2015_04321.png,8.437423550081343
Chair_2015_04336.png,11.790736615496755
Chair_2015_04345.png,3.998039433989375
Chair_2015_04347.png,8.833302167677099
Chair_2015_04348.png,7.495060666325563
Chair_2015_04357.png,3.782763137723688
Chair_2015_04362.png,6.454589056079683
Chair_2015_04372.png,9.488281608718676
Chair_2015_04381.png,7.211434013557652
Chair_2015_04388.png,9.501550970721272
Chair_2015_04395.png,9.002294161590804
Chair_2015_04407.png,8.355954481209457
Chair_2015_04408.png,8.000146943658665
Chair_2015_04410.png,3.266114591242344
Cup_2015_04434.png,4.864172527300829
Cup_2015_04436.png,4.44807850358903
Cup_2015_04454.png,7.796627339515939
Cup_2015_04456.png,3.763315485935364
Cup_2015_04458.png,15.00095851114775
Cup_2015_04464.png,10.760272310610452
Cup_2015_04468.png,4.7362435194018575
Cup_2015_04489.png,3.656859112565064
Cup_2015_04515.png,5.134987987638662
Cup_2015_04521.png,7.87506858788826
Cup_2015_04525.png,4.20203107072412
Cup_2015_04529.png,5.26810151990662
Cup_2015_04536.png,7.862311306438017
Cup_2015_04539.png,8.760062853435043
Cup_2015_04570.png,8.499506586268978
Cup_2015_04574.png,6.740503911842745
Cup_2015_04587.png,9.24386587840348
Cup_2015_04591.png,11.975070443969138
Cup_2015_04617.png,6.150837595418191
Cup_2015_04625.png,4.6914842158632295
Cup_2015_04631.png,6.5380388655136406
Cup_2015_04645.png,4.56083229353822
Cup_2015_04656.png,6.897180326664311
Cup_2015_04660.png,4.194285459945727
Cup_2015_04667.png,7.189268866974011
Cup_2015_04739.png,22.361707348254107
Cup_2015_04763.png,9.472241523932007
Cup_2015_04770.png,4.831858476174919
Cup_2015_04775.png,11.525001096910817
Cup_2015_04792.png,8.466895234383935
Cup_2015_04793.png,9.561853291834392
Cup_2015_04797.png,13.83317489279663
Cup_2015_04803.png,5.697208206263328
Cup_2015_04818.png,4.062882039683676
Cup_2015_04830.png,8.842927602285577
Cup_2015_04860.png,10.007451486007032
Cup_2015_04868.png,5.531387417371036
Cup_2015_04878.png,6.111274644180438
Cup_2015_04884.png,8.158498954852814
Cup_2015_04891.png,5.739951402122369
Cup_2015_04893.png,6.999618013568906
Cup_2015_04901.png,4.921583689681985
Cup_2015_04932.png,6.753371453871885
Cup_2015_04933.png,6.45223215653435
Cup_2015_04934.png,6.992335028062025
Cup_2015_04937.png,8.66933839987308
Cup_2015_04940.png,7.334249793541491
Dog_2015_04944.png,8.353009456075014
Dog_2015_04952.png,3.9136256707795596
Dog_2015_04964.png,5.096667322873049
Dog_2015_05004.png,8.20305064485599
Dog_2015_05006.png,4.505986006405363
Dog_2015_05012.png,6.301501648107022
Dog_2015_05015.png,5.998923153610607
Dog_2015_05021.png,5.014956060792068
Dog_2015_05025.png,4.416257597773769
Dog_2015_05028.png,5.324680306406017
Dog_2015_05066.png,5.3006604729341875
Dog_2015_05077.png,6.2006783096747045
Dog_2015_05098.png,3.6284442222450206
Dog_2015_05102.png,3.5061529156352225
Dog_2015_05120.png,7.5943449796356255
Dog_2015_05125.png,5.804454835511767
Dog_2015_05126.png,7.491913046696258
Dog_2015_05127.png,7.681878488795063
Dog_2015_05139.png,4.052464902439921
Dog_2015_05141.png,9.115196729596917
Dog_2015_05145.png,4.763982753261729
Dog_2015_05156.png,7.004797254789817
Dog_2015_05162.png,6.714123632641996
Dog_2015_05171.png,3.8468756057251294
Dog_2015_05176.png,7.116479737904981
Dog_2015_05187.png,6.129954108183645
Dog_2015_05188.png,8.819752386668167
Dog_2015_05192.png,6.4219428896783075
Dog_2015_05196.png,12.39816995333515
Dog_2015_05205.png,4.054002730709804
Dog_2015_05214.png,7.257393845823983
Dog_2015_05237.png,5.004552521976338
Dog_2015_05242.png,8.234102636641508
Dog_2015_05243.png,4.122139738870286
Dog_2015_05251.png,4.613993996693725
Dog_2015_05261.png,3.875389164268391
Dog_2015_05266.png,3.2694785243332705
Dog_2015_05293.png,4.513804982021345
Dog_2015_05300.png,5.338039888650066
Dog_2015_05311.png,4.998260220077797
Dog_2015_05339.png,4.644136745395977
Dog_2015_05345.png,3.8403885839683922
Dog_2015_05364.png,7.957801738183898
Dog_2015_05375.png,6.8973641006623705
Dog_2015_05390.png,5.4966262448919405
Dog_2015_05391.png,3.229900248503329
Dog_2015_05396.png,4.676515087252973
Dog_2015_05404.png,6.084639313209527
Dog_2015_05415.png,4.006589805221267
Dog_2015_05416.png,3.538953560376169
Dog_2015_05421.png,6.5807971563781775
Dog_2015_05431.png,4.271116400003962
Dog_2015_05432.png,4.690811294710444
Dog_2015_05443.png,9.72482822687026
Dog_2015_05449.png,5.920227421419449
Dog_2015_05453.png,4.925279450893773
Dog_2015_05469.png,5.812038482998332
Dog_2015_05475.png,9.762951105657443
Dog_2015_05482.png,3.964783016887464
Dog_2015_05487.png,6.4536374506165926
Dog_2015_05489.png,9.22534359469963
Dog_2015_05532.png,4.201155064680406
Dog_2015_05552.png,5.760654374490476
Dog_2015_05613.png,6.5369973054283035
Dog_2015_05633.png,8.68095811183323
Dog_2015_05658.png,4.678320772261155
Dog_2015_05665.png,4.093138290384548
Dog_2015_05666.png,5.754147506548178
Dog_2015_05680.png,6.219590422083341
Dog_2015_05694.png,4.760146355615951
Dog_2015_05696.png,5.32293679675404
Dog_2015_05701.png,6.172173281166841
Dog_2015_05710.png,6.017950470337338
Dog_2015_05715.png,4.288323730806011
Dog_2015_05716.png,6.167885990236977
Dog_2015_05717.png,6.779010190806646
Dog_2015_05721.png,9.746208914714328
Dog_2015_05732.png,5.588976491309173
Dog_2015_05737.png,5.1346881418350065
Motorbike_2015_05746.png,8.34873178971987
Motorbike_2015_05753.png,3.8673505608253693
Motorbike_2015_05762.png,4.869553399240504
Motorbike_2015_05767.png,2.952901133396728
Motorbike_2015_05768.png,4.538394630682657
Motorbike_2015_05772.png,4.549526919456283
Motorbike_2015_05791.png,4.216997473225869
Motorbike_2015_05796.png,3.6052107409790186
Motorbike_2015_05799.png,3.5702028220801725
Motorbike_2015_05817.png,3.845131774361011
Motorbike_2015_05824.png,3.9819396783936
Motorbike_2015_05825.png,2.8903484691544037
Motorbike_2015_05830.png,5.044648947092044
Motorbike_2015_05834.png,3.69035096621713
Motorbike_2015_05858.png,5.021421458775446
Motorbike_2015_05863.png,2.4976029473456376
Motorbike_2015_05875.png,4.4555554092466405
Motorbike_2015_05889.png,3.269793424558847
Motorbike_2015_05894.png,4.477672837825655
Motorbike_2015_05946.png,10.131187155760172
Motorbike_2015_05947.png,5.02976063238343
Motorbike_2015_05980.png,4.6942688136653645
Motorbike_2015_05991.png,6.568413398824779
Motorbike_2015_05993.png,3.4618645161470543
Motorbike_2015_06000.png,4.064465252325803
Motorbike_2015_06005.png,3.662853490097271
Motorbike_2015_06009.png,3.1145580566562536
Motorbike_2015_06023.png,3.8954972905542906
Motorbike_2015_06026.png,3.1024069406410106
Motorbike_2015_06030.png,3.0282515025187418
Motorbike_2015_06032.png,4.818542486773792
Motorbike_2015_06035.png,9.087509839122236
Motorbike_2015_06036.png,3.0806891359749113
Motorbike_2015_06071.png,7.94738307900691
Motorbike_2015_06075.png,2.3592417867564546
Motorbike_2015_06085.png,5.964543062207746
Motorbike_2015_06087.png,3.4881907629680535
Motorbike_2015_06092.png,6.142545786177444
Motorbike_2015_06104.png,3.4663063521558923
Motorbike_2015_06127.png,6.904881250182203
Motorbike_2015_06129.png,4.626470167690319
Motorbike_2015_06130.png,6.41892351649066
Motorbike_2015_06158.png,5.762740243472126
Motorbike_2015_06160.png,14.080186570300558
Motorbike_2015_06179.png,3.3636927869476616
Motorbike_2015_06184.png,10.747083297030938
Motorbike_2015_06199.png,4.644804747852301
Motorbike_2015_06207.png,3.87680764106526
Motorbike_2015_06222.png,5.846539352610213
Motorbike_2015_06228.png,7.355820908533276
Motorbike_2015_06237.png,6.473224808795104
People_2015_06247.png,4.043555336591623
People_2015_06252.png,6.77872256672956
People_2015_06253.png,5.499080435920634
People_2015_06260.png,3.361205788159237
People_2015_06276.png,3.2325579110735005
People_2015_06296.png,2.9365599092341803
People_2015_06319.png,2.8651358195538537
People_2015_06327.png,3.338324640650986
People_2015_06329.png,3.5314584424187303
People_2015_06337.png,2.545554809258592
People_2015_06369.png,3.1090377175856876
People_2015_06376.png,4.13231737031415
People_2015_06383.png,8.672831349173261
People_2015_06384.png,6.844747162657569
People_2015_06385.png,6.914319422145631
People_2015_06421.png,4.475022109917143
People_2015_06450.png,5.2709453033727796
People_2015_06451.png,5.178025179287957
People_2015_06452.png,5.797289291294097
People_2015_06453.png,4.953552575601837
People_2015_06468.png,4.182845135817292
People_2015_06473.png,4.950927812391823
People_2015_06476.png,4.7700795176329756
People_2015_06484.png,4.576614634059983
People_2015_06488.png,3.2716721199449847
People_2015_06512.png,4.526725681621023
People_2015_06519.png,4.998692554146743
People_2015_06526.png,7.477307854543252
People_2015_06537.png,4.2050349741460575
People_2015_06544.png,5.624249985109321
People_2015_06548.png,5.301083966035893
People_2015_06578.png,6.802183859857814
People_2015_06581.png,4.382033381520175
People_2015_06584.png,2.9341280580459546
People_2015_06608.png,5.482413450014158
People_2015_06612.png,2.016228269120962
People_2015_06626.png,4.878340592786238
People_2015_06680.png,4.553688363398249
People_2015_06683.png,10.275955440735771
People_2015_06694.png,4.487833232018827
People_2015_06697.png,6.215220288832028
People_2015_06714.png,4.169847027070094
People_2015_06715.png,6.077466819049484
People_2015_06729.png,2.7281497144758715
People_2015_06750.png,4.2504461073134685
People_2015_06759.png,4.342135127477171
People_2015_06771.png,7.556897397474509
People_2015_06772.png,4.011967944590625
People_2015_06781.png,3.07269508403512
People_2015_06786.png,5.349082431911936
People_2015_06790.png,3.9389819855657406
People_2015_06805.png,9.022387764390386
People_2015_06825.png,9.566629952644682
People_2015_06842.png,6.594427887718641
People_2015_06849.png,2.953582776737221
People_2015_06851.png,5.12082007462148
Table_2015_06858.png,4.609989539043512
Table_2015_06860.png,4.269731295821724
Table_2015_06878.png,3.603859634907093
Table_2015_06888.png,5.010304604801087
Table_2015_06894.png,3.7095604566578357
Table_2015_06923.png,9.875057252646611
Table_2015_06938.png,4.886125201822415
Table_2015_06942.png,4.79708359788253
Table_2015_06953.png,4.854353487282274
Table_2015_06966.png,6.532677634157499
Table_2015_06969.png,7.152490080705436
Table_2015_06979.png,5.724976009571395
Table_2015_06987.png,5.207579168853951
Table_2015_07023.png,9.630552291449606
Table_2015_07052.png,3.2457976997307743
Table_2015_07062.png,6.352672884575521
Table_2015_07065.png,4.022971845943774
Table_2015_07070.png,5.332755200405789
Table_2015_07097.png,3.620400361260555
Table_2015_07113.png,4.031352047539407
Table_2015_07125.png,4.0061993568078975
Table_2015_07131.png,4.100147651596616
Table_2015_07135.png,4.041481269048358
Table_2015_07199.png,7.445826584209216
Table_2015_07211.png,8.199257499662561
Table_2015_07233.png,3.441788232769467
Table_2015_07237.png,7.171010965455359
Table_2015_07243.png,3.670723229168977
Table_2015_07248.png,5.883182853379762
Table_2015_07251.png,4.2459971212726
Table_2015_07258.png,7.419493783559709
Table_2015_07261.png,7.8685029539848905
Table_2015_07268.png,3.4219767197296607
Table_2015_07270.png,5.782576988860286
Table_2015_07287.png,4.377557211620918
Table_2015_07301.png,10.572487634755044
Table_2015_07330.png,9.172467771392652
Table_2015_07343.png,6.932021568527891
Table_2015_07344.png,8.284437786356644
Table_2017_07358.png,7.779167627323928
